smiles,regression_AgOr1,regression_AgOr2,regression_AgOr3,regression_AgOr4,regression_AgOr5,regression_AgOr6,regression_AgOr8,regression_AgOr9,regression_AgOr10,regression_AgOr11,regression_AgOr12,regression_AgOr13,regression_AgOr15,regression_AgOr16,regression_AgOr18,regression_AgOr20,regression_AgOr21,regression_AgOr23,regression_AgOr25,regression_AgOr26,regression_AgOr27,regression_AgOr30,regression_AgOr31,regression_AgOr32,regression_AgOr33,regression_AgOr35,regression_AgOr38,regression_AgOr39,regression_AgOr41,regression_AgOr42,regression_AgOr43,regression_AgOr44,regression_AgOr45,regression_AgOr46,regression_AgOr48,regression_AgOr50,regression_AgOr53,regression_AgOr54,regression_AgOr56,regression_AgOr57,regression_AgOr59,regression_AgOr61,regression_AgOr63,regression_AgOr64,regression_AgOr65,regression_AgOr66,regression_AgOr67,regression_AgOr73,regression_AgOr75,regression_AgOr76
CC(=C)[C@@H]1CC=C(C)C(=O)C1,-5.0,-2.4,-2.0,11.2,2.3333333333333335,-3.0,-3.6,2.3333333333333335,2.3333333333333335,3.6666666666666665,-9.333333333333334,-2.6666666666666665,-4.666666666666667,1.0,61.333333333333336,3.6666666666666665,65.66666666666667,0.3333333333333333,-4.0,3.3333333333333335,28.0,4.0,18.333333333333332,1.6666666666666667,-5.666666666666667,2.0,1.0,-3.6666666666666665,-7.6,-6.666666666666667,-5.666666666666667,-21.666666666666668,-6.0,12.666666666666666,78.66666666666667,33.666666666666664,-3.6666666666666665,-1.6666666666666667,8.333333333333334,52.666666666666664,1.2,1.6666666666666667,4.333333333333333,5.333333333333333,4.333333333333333,-1.3333333333333333,-3.0,-3.3333333333333335,33.666666666666664,2.3333333333333335
CC1(C)[C@H]2CC[C@](C)(C2)C1=O,-12.333333333333334,12.333333333333334,-3.2,14.4,-6.333333333333333,1.0,-4.0,1.3333333333333333,-0.3333333333333333,56.0,11.666666666666666,-9.666666666666666,-3.0,6.333333333333333,11.333333333333334,88.33333333333333,102.33333333333333,0.6666666666666666,-4.666666666666667,63.333333333333336,112.66666666666667,-4.666666666666667,0.3333333333333333,-1.2,-8.666666666666666,-1.6666666666666667,-8.333333333333334,-1.3333333333333333,-6.333333333333333,-3.6666666666666665,-4.333333333333333,20.0,-9.0,49.0,6.0,142.0,-7.333333333333333,-4.666666666666667,109.33333333333333,94.33333333333333,-1.0,2.6666666666666665,25.333333333333332,34.333333333333336,-3.3333333333333335,13.666666666666666,0.0,-5.333333333333333,27.6,-5.333333333333333
CC(=C)[C@H]1CC=C(C)C(=O)C1,-2.0,-0.6666666666666666,6.333333333333333,-0.3333333333333333,2.3333333333333335,3.2,-1.3333333333333333,3.3333333333333335,6.333333333333333,7.333333333333333,-13.0,-3.0,-2.0,-0.6666666666666666,41.333333333333336,-3.6666666666666665,25.333333333333332,-1.3333333333333333,-9.0,6.333333333333333,48.666666666666664,3.6666666666666665,1.3333333333333333,3.0,-1.6666666666666667,2.0,18.0,-5.333333333333333,-3.0,-4.0,-6.333333333333333,-10.0,-6.666666666666667,31.333333333333332,-1.6666666666666667,15.333333333333334,-1.6666666666666667,-8.0,17.666666666666668,45.333333333333336,5.333333333333333,3.6,9.0,6.0,1.6666666666666667,-2.3333333333333335,-2.4,-5.666666666666667,36.0,-5.333333333333333
CC1(C)[C@@H]2CC[C@@](C)(C2)C1=O,-5.666666666666667,1.0,-1.6666666666666667,18.666666666666668,-6.333333333333333,-0.3333333333333333,-7.333333333333333,1.6666666666666667,0.0,69.66666666666667,11.333333333333334,-13.333333333333334,-4.666666666666667,7.666666666666667,0.0,139.0,122.0,-0.6666666666666666,-1.6666666666666667,63.333333333333336,133.66666666666666,-0.3333333333333333,0.3333333333333333,-1.6666666666666667,-9.0,-2.6666666666666665,-4.666666666666667,-0.3333333333333333,-5.0,-4.333333333333333,0.0,-6.0,-4.333333333333333,96.66666666666667,5.666666666666667,155.33333333333334,5.0,-9.0,105.66666666666667,90.33333333333333,-0.3333333333333333,3.3333333333333335,22.333333333333332,51.0,0.0,14.0,1.2,-0.6666666666666666,20.333333333333332,-7.666666666666667
CCCCO,130.33333333333334,4.666666666666667,1.6666666666666667,55.0,76.0,9.333333333333334,-9.6,8.0,0.0,16.333333333333332,65.66666666666667,36.0,20.4,5.0,75.33333333333333,48.333333333333336,74.0,1.6666666666666667,0.6666666666666666,15.666666666666666,24.0,38.666666666666664,13.666666666666666,-3.3333333333333335,-18.666666666666668,-5.666666666666667,116.66666666666667,45.2,-22.666666666666668,-15.333333333333334,-28.0,-16.8,-12.333333333333334,52.333333333333336,25.666666666666668,42.0,57.6,-22.0,39.666666666666664,165.0,2.0,13.0,16.666666666666668,10.8,9.666666666666666,-13.0,-7.666666666666667,-2.0,-3.0,0.3333333333333333
CCCCCCCCCCCCO,1.0,2.6666666666666665,4.666666666666667,-1.2,2.0,0.6666666666666666,0.0,1.6666666666666667,0.6666666666666666,4.8,0.0,-2.0,0.3333333333333333,-0.3333333333333333,-0.3333333333333333,-2.0,-0.3333333333333333,1.3333333333333333,0.0,3.3333333333333335,0.8,-0.3333333333333333,0.3333333333333333,1.6666666666666667,2.6666666666666665,-3.0,3.3333333333333335,-1.3333333333333333,-0.3333333333333333,1.0,0.3333333333333333,4.666666666666667,0.3333333333333333,4.0,-0.3333333333333333,3.6666666666666665,6.666666666666667,0.3333333333333333,-4.333333333333333,2.0,2.4,2.0,-5.0,0.0,0.6666666666666666,1.0,0.0,-0.3333333333333333,1.6666666666666667,-0.6666666666666666
CCCCC(O)C=C,5.0,5.333333333333333,-11.333333333333334,153.0,7.333333333333333,27.0,187.66666666666666,21.0,-4.333333333333333,32.0,131.33333333333334,-15.333333333333334,-6.0,9.666666666666666,81.66666666666667,243.0,86.0,-2.0,-17.2,28.0,36.4,64.66666666666667,26.0,34.333333333333336,-29.333333333333332,-5.0,52.4,65.66666666666667,-19.6,-18.333333333333332,-44.0,-28.0,-19.0,73.0,81.66666666666667,96.33333333333333,20.0,-35.333333333333336,140.0,126.66666666666667,54.666666666666664,20.333333333333332,28.0,12.0,10.0,-11.666666666666666,-3.6666666666666665,-10.666666666666666,67.0,-14.0
CCCCCCO,12.333333333333334,35.333333333333336,-19.666666666666668,126.66666666666667,-6.0,2.0,105.0,29.0,8.666666666666666,55.666666666666664,147.2,-4.0,20.666666666666668,24.666666666666668,146.0,107.66666666666667,48.333333333333336,4.666666666666667,13.0,33.0,34.0,73.2,20.0,25.0,-31.333333333333332,-17.666666666666668,214.66666666666666,74.0,-21.2,-16.333333333333332,-39.666666666666664,-40.0,-16.4,53.666666666666664,114.66666666666667,78.66666666666667,45.333333333333336,-30.5,179.66666666666666,181.0,-9.6,30.333333333333332,22.666666666666668,11.666666666666666,18.333333333333332,-29.0,-14.0,-5.666666666666667,-7.333333333333333,-7.333333333333333
CCCC(O)C=C,-3.6666666666666665,-0.8,-9.666666666666666,77.66666666666667,44.333333333333336,18.666666666666668,68.66666666666667,37.333333333333336,7.333333333333333,55.666666666666664,105.0,-0.6666666666666666,-5.0,0.8,106.0,202.0,158.8,0.0,-7.666666666666667,26.333333333333332,36.333333333333336,63.333333333333336,12.0,20.0,-25.666666666666668,6.666666666666667,66.0,45.666666666666664,-19.0,-15.333333333333334,-38.0,-17.666666666666668,-25.666666666666668,70.66666666666667,68.66666666666667,81.2,40.666666666666664,-41.333333333333336,114.66666666666667,128.33333333333334,27.0,22.333333333333332,5.666666666666667,9.6,19.0,-12.666666666666666,-10.666666666666666,5.0,5.0,-9.333333333333334
CCCCCC(O)C=C,-23.0,0.6666666666666666,-24.0,155.0,10.333333333333334,17.666666666666668,227.33333333333334,4.666666666666667,-11.0,2.0,4.666666666666667,-9.333333333333334,-1.0,14.333333333333334,61.666666666666664,211.66666666666666,17.0,0.6666666666666666,-22.333333333333332,26.333333333333332,27.0,81.33333333333333,37.0,30.666666666666668,-30.0,-16.0,-1.3333333333333333,76.33333333333333,-33.333333333333336,-25.333333333333332,-45.0,-29.666666666666668,-20.0,41.0,149.33333333333334,46.333333333333336,26.333333333333332,-52.8,73.33333333333333,71.2,52.0,24.0,27.0,11.6,7.333333333333333,-28.333333333333332,-15.0,-6.333333333333333,91.0,-15.2
CCCCCO,179.66666666666666,4.666666666666667,-13.333333333333334,97.0,43.666666666666664,18.0,-4.4,21.333333333333332,-3.0,40.0,165.66666666666666,33.6,34.666666666666664,25.333333333333332,135.0,126.0,90.66666666666667,1.6666666666666667,10.666666666666666,31.333333333333332,25.2,53.0,17.666666666666668,9.0,-26.333333333333332,-2.0,226.66666666666666,96.66666666666667,-33.0,-23.666666666666668,-33.6,-25.6,-8.0,75.0,49.666666666666664,79.0,40.0,-31.0,148.33333333333334,201.66666666666666,1.6,17.0,17.0,22.333333333333332,21.0,-21.666666666666668,-9.666666666666666,-7.666666666666667,-12.666666666666666,-15.333333333333334
CC(=O)C(C)=O,-23.333333333333332,-2.3333333333333335,-12.666666666666666,24.666666666666668,134.33333333333334,9.666666666666666,-6.666666666666667,14.0,0.0,19.666666666666668,33.333333333333336,1.0,2.6666666666666665,1.6,61.333333333333336,15.2,45.666666666666664,2.3333333333333335,-16.333333333333332,17.333333333333332,34.666666666666664,24.0,9.333333333333334,-13.0,-24.333333333333332,-33.0,-0.6666666666666666,24.666666666666668,-30.0,-12.0,-34.8,-19.666666666666668,-22.333333333333332,50.0,3.6666666666666665,19.2,37.333333333333336,-33.333333333333336,14.0,41.666666666666664,-8.0,2.8,1.6666666666666667,-7.0,3.3333333333333335,-6.666666666666667,-25.0,7.0,-23.666666666666668,-6.666666666666667
Cc1sc(C)c(C)n1,-9.666666666666666,-0.8,-0.3333333333333333,25.333333333333332,-6.333333333333333,95.66666666666667,-10.0,181.66666666666666,15.333333333333334,39.333333333333336,107.0,66.66666666666667,173.66666666666666,34.333333333333336,265.3333333333333,207.33333333333334,106.0,9.333333333333334,-10.666666666666666,4.0,7.333333333333333,-1.3333333333333333,2.3333333333333335,15.2,-21.666666666666668,0.0,-4.666666666666667,10.666666666666666,-7.666666666666667,-17.666666666666668,-22.666666666666668,-20.333333333333332,-12.666666666666666,62.0,-6.0,171.33333333333334,-3.3333333333333335,-14.8,47.333333333333336,76.33333333333333,-6.0,10.0,1.6,-4.0,44.0,-15.666666666666666,-7.0,-7.666666666666667,3.0,-12.666666666666666
CC(=O)c1ccccn1,-4.666666666666667,31.0,0.6666666666666666,27.666666666666668,-0.3333333333333333,247.0,-7.333333333333333,42.0,47.666666666666664,112.33333333333333,110.33333333333333,50.0,216.33333333333334,14.333333333333334,228.0,54.666666666666664,89.66666666666667,-0.6666666666666666,-6.333333333333333,8.666666666666666,16.666666666666668,11.2,0.0,8.0,-11.666666666666666,-4.333333333333333,52.333333333333336,19.0,-9.666666666666666,-5.666666666666667,-17.2,-29.0,-11.2,68.0,7.666666666666667,58.333333333333336,2.6666666666666665,-9.333333333333334,47.333333333333336,98.66666666666667,-5.333333333333333,5.0,0.3333333333333333,-4.333333333333333,0.3333333333333333,-2.0,-5.666666666666667,-2.3333333333333335,4.0,-7.666666666666667
CC(=O)c1sccn1,-6.333333333333333,1.2,2.0,30.333333333333332,-0.6666666666666666,220.0,-10.0,37.333333333333336,26.0,56.0,176.66666666666666,62.666666666666664,150.33333333333334,15.0,172.66666666666666,67.66666666666667,83.33333333333333,9.333333333333334,-11.666666666666666,13.0,11.666666666666666,14.333333333333334,5.0,6.4,-22.0,-10.333333333333334,51.333333333333336,38.666666666666664,-15.666666666666666,-10.333333333333334,-21.6,-6.666666666666667,-10.0,69.0,2.0,95.0,8.333333333333334,-20.666666666666668,57.666666666666664,109.33333333333333,-4.333333333333333,8.333333333333334,4.0,-2.3333333333333335,7.333333333333333,-14.666666666666666,-5.666666666666667,-5.666666666666667,-6.666666666666667,-8.333333333333334
CC(=O)c1sccc1,16.666666666666668,39.0,-7.0,36.0,6.0,236.0,-8.0,40.0,60.0,102.0,179.33333333333334,165.0,233.0,31.0,168.66666666666666,104.0,142.33333333333334,-1.6666666666666667,5.666666666666667,19.0,17.666666666666668,64.0,-1.2,0.4,-12.666666666666666,-3.6666666666666665,192.33333333333334,31.666666666666668,-7.0,-12.0,-14.0,-31.333333333333332,-12.0,61.333333333333336,3.0,69.0,20.333333333333332,-4.666666666666667,83.66666666666667,182.33333333333334,-4.4,8.666666666666666,5.0,-11.333333333333334,-1.6,-1.6666666666666667,-4.333333333333333,-0.6666666666666666,-0.6666666666666666,-7.2
CCC(C)=O,-13.333333333333334,-3.2,4.666666666666667,16.666666666666668,11.0,14.4,-11.666666666666666,14.0,-1.6,13.0,36.4,-8.333333333333334,17.0,2.3333333333333335,44.333333333333336,13.666666666666666,32.666666666666664,8.333333333333334,-9.666666666666666,24.0,11.0,26.0,4.0,-10.0,-20.666666666666668,-25.333333333333332,3.0,17.0,-20.666666666666668,-0.6666666666666666,-18.0,-16.666666666666668,-7.0,42.0,24.333333333333332,66.0,43.333333333333336,-22.333333333333332,36.666666666666664,60.0,-3.3333333333333335,3.3333333333333335,6.0,-7.333333333333333,0.3333333333333333,-11.0,-21.666666666666668,-4.333333333333333,-14.0,-3.3333333333333335
CCOc1sccn1,-8.0,-0.3333333333333333,-9.0,36.333333333333336,4.4,46.0,-10.0,148.0,33.666666666666664,41.333333333333336,174.0,-4.0,32.666666666666664,0.3333333333333333,196.66666666666666,83.6,94.33333333333333,-0.3333333333333333,-9.0,15.666666666666666,20.0,1.6,8.0,27.333333333333332,-16.333333333333332,-2.6666666666666665,219.66666666666666,38.333333333333336,-12.666666666666666,-9.666666666666666,-19.0,-24.333333333333332,-10.8,66.4,6.666666666666667,76.33333333333333,-1.6666666666666667,-9.666666666666666,69.33333333333333,146.66666666666666,-12.8,0.6666666666666666,-0.6666666666666666,-9.666666666666666,6.0,-6.666666666666667,0.0,-3.3333333333333335,32.666666666666664,-8.333333333333334
CCc1ccccc1C,-7.666666666666667,5.333333333333333,-2.6666666666666665,-1.6,-4.4,8.333333333333334,-1.3333333333333333,1.3333333333333333,31.0,124.33333333333333,227.33333333333334,27.2,39.666666666666664,8.0,43.666666666666664,101.66666666666667,69.66666666666667,-0.6666666666666666,-5.0,4.0,-0.3333333333333333,0.6666666666666666,-0.3333333333333333,-2.6666666666666665,-10.333333333333334,-10.333333333333334,33.666666666666664,3.6666666666666665,-11.333333333333334,-8.0,-8.333333333333334,-9.333333333333334,-10.333333333333334,16.8,-2.6666666666666665,101.0,-4.8,-6.666666666666667,14.0,60.666666666666664,0.0,-2.6666666666666665,3.0,-7.666666666666667,-0.6666666666666666,-1.3333333333333333,-8.666666666666666,-3.0,6.0,-2.6666666666666665
CCCCC(CC)CO,-6.0,1.3333333333333333,-9.0,41.333333333333336,-6.333333333333333,5.6,-6.0,8.0,4.0,26.333333333333332,46.0,-2.3333333333333335,-2.3333333333333335,0.3333333333333333,82.0,126.0,33.333333333333336,-0.6666666666666666,-8.666666666666666,34.333333333333336,16.666666666666668,72.66666666666667,17.333333333333332,12.666666666666666,-9.666666666666666,-3.0,-3.0,-1.6666666666666667,-14.333333333333334,-8.0,-23.666666666666668,-20.333333333333332,-10.0,92.33333333333333,175.66666666666666,81.33333333333333,4.333333333333333,-20.333333333333332,116.66666666666667,148.66666666666666,19.333333333333332,8.333333333333334,18.666666666666668,4.666666666666667,7.333333333333333,-4.666666666666667,-3.0,-8.666666666666666,102.0,-1.6666666666666667
CCc1ccccc1O,9.666666666666666,115.66666666666667,-17.333333333333332,23.2,0.0,41.0,-2.0,226.0,249.33333333333334,36.333333333333336,110.66666666666667,-1.3333333333333333,81.66666666666667,12.333333333333334,76.66666666666667,139.66666666666666,64.0,-2.3333333333333335,-8.666666666666666,-2.0,-6.0,-0.6666666666666666,-6.0,27.2,-13.333333333333334,-3.6666666666666665,90.33333333333333,37.666666666666664,-2.3333333333333335,-9.0,-10.0,-11.0,-16.666666666666668,9.666666666666666,-5.666666666666667,57.666666666666664,-0.3333333333333333,-26.0,37.0,91.0,-6.666666666666667,-3.3333333333333335,2.3333333333333335,-6.333333333333333,116.66666666666667,-6.333333333333333,6.0,-1.3333333333333333,-8.333333333333334,-9.0
CCCCCC(C)=O,-11.0,27.0,-1.0,112.33333333333333,20.0,25.2,221.66666666666666,28.8,4.333333333333333,28.666666666666668,44.4,-2.0,16.0,23.0,68.8,15.666666666666666,84.66666666666667,21.333333333333332,-21.333333333333332,44.0,45.333333333333336,137.66666666666666,49.0,9.333333333333334,-26.0,-18.333333333333332,112.33333333333333,73.0,-23.333333333333332,-26.0,-34.333333333333336,-23.333333333333332,-16.0,53.666666666666664,172.0,71.6,34.666666666666664,-36.333333333333336,69.2,155.0,-8.8,23.0,25.333333333333332,4.333333333333333,12.333333333333334,-30.666666666666668,-26.333333333333332,10.666666666666666,54.666666666666664,-1.3333333333333333
CC(C)Cc1sccn1,-6.0,-4.666666666666667,-0.4,28.0,10.0,22.0,-7.0,69.66666666666667,2.6666666666666665,33.666666666666664,66.33333333333333,-5.0,-0.6666666666666666,1.3333333333333333,82.66666666666667,139.33333333333334,78.33333333333333,-2.6666666666666665,-11.333333333333334,33.0,36.666666666666664,21.0,17.0,14.666666666666666,-14.666666666666666,3.6666666666666665,228.33333333333334,48.333333333333336,-14.666666666666666,-8.666666666666666,-14.0,-17.666666666666668,-13.0,103.0,7.333333333333333,134.0,0.3333333333333333,-17.333333333333332,55.666666666666664,127.0,-2.0,3.6666666666666665,7.0,10.0,16.8,2.0,-2.0,-9.666666666666666,111.33333333333333,-5.0
Cc1ccccc1O,91.33333333333333,201.0,-21.666666666666668,24.666666666666668,-4.0,35.2,-11.333333333333334,195.33333333333334,177.66666666666666,51.666666666666664,88.33333333333333,110.0,181.0,44.333333333333336,43.333333333333336,170.0,66.33333333333333,-2.0,-19.666666666666668,-0.3333333333333333,-2.0,-4.0,-4.666666666666667,26.333333333333332,-18.333333333333332,-8.333333333333334,35.6,34.333333333333336,11.6,-8.333333333333334,-19.0,-27.333333333333332,-18.333333333333332,22.0,-2.0,63.333333333333336,0.6666666666666666,-21.666666666666668,50.0,75.2,-6.333333333333333,3.3333333333333335,6.666666666666667,-10.666666666666666,69.33333333333333,-2.3333333333333335,-1.2,-8.333333333333334,-16.333333333333332,-14.333333333333334
CCCCCCCC(C)=O,-22.333333333333332,0.0,-13.666666666666666,45.333333333333336,2.0,15.0,-13.333333333333334,-1.3333333333333333,-8.666666666666666,-2.0,-6.0,-17.333333333333332,27.666666666666668,7.666666666666667,25.0,-2.0,63.2,-2.3333333333333335,-18.0,12.333333333333334,26.666666666666668,117.33333333333333,60.0,48.333333333333336,-24.666666666666668,-8.0,-7.666666666666667,47.0,-21.333333333333332,-21.666666666666668,-35.666666666666664,-17.333333333333332,-24.333333333333332,77.0,183.0,11.666666666666666,16.0,-35.2,42.666666666666664,74.0,-0.6666666666666666,4.333333333333333,24.666666666666668,4.0,0.3333333333333333,-20.0,-18.333333333333332,-8.0,105.33333333333333,-8.0
CCC(=O)C(O)=O,-16.0,10.666666666666666,7.333333333333333,36.333333333333336,14.8,14.4,-1.6666666666666667,4.666666666666667,-5.333333333333333,0.6666666666666666,0.0,6.8,5.666666666666667,2.6666666666666665,35.2,-3.6666666666666665,7.666666666666667,2.3333333333333335,-9.0,7.333333333333333,7.333333333333333,0.3333333333333333,0.6666666666666666,33.2,-8.0,-12.666666666666666,-2.0,19.333333333333332,-4.666666666666667,3.6666666666666665,-20.666666666666668,-19.0,-2.6666666666666665,44.666666666666664,-0.6666666666666666,38.0,0.0,-22.333333333333332,-3.6666666666666665,22.333333333333332,-3.6666666666666665,2.3333333333333335,0.6666666666666666,10.666666666666666,-8.4,-10.666666666666666,-15.333333333333334,-0.3333333333333333,-11.0,-4.333333333333333
CCCCC(=O)C(O)=O,2.3333333333333335,0.6666666666666666,-3.0,3.0,0.6666666666666666,0.3333333333333333,12.0,1.3333333333333333,-6.8,2.8,-1.3333333333333333,4.0,-2.3333333333333335,0.4,0.3333333333333333,3.2,3.3333333333333335,-1.0,-8.333333333333334,1.0,0.0,9.666666666666666,1.3333333333333333,2.0,-5.333333333333333,-8.0,-0.3333333333333333,-4.0,-10.0,-3.0,-5.0,-6.0,-6.333333333333333,15.666666666666666,-1.6,1.6666666666666667,-2.3333333333333335,-7.666666666666667,1.2,2.0,-0.3333333333333333,2.4,2.0,4.0,2.0,-3.6666666666666665,-0.6666666666666666,1.0,-3.3333333333333335,-2.0
CCCC(=O)C(O)=O,-8.333333333333334,1.3333333333333333,-1.6,18.666666666666668,3.6666666666666665,-1.3333333333333333,-5.666666666666667,4.4,4.333333333333333,0.6666666666666666,-0.3333333333333333,-4.666666666666667,-2.3333333333333335,0.0,-7.0,14.0,11.666666666666666,-0.6666666666666666,-5.0,5.666666666666667,9.333333333333334,-3.0,7.0,-1.6666666666666667,-2.6666666666666665,-1.0,2.0,1.3333333333333333,-10.0,1.2,-23.0,-2.3333333333333335,-4.0,40.333333333333336,1.3333333333333333,27.6,-1.6666666666666667,-25.2,-1.6,0.3333333333333333,-5.0,1.0,3.3333333333333335,5.666666666666667,1.6666666666666667,-6.0,-9.333333333333334,3.3333333333333335,-5.333333333333333,0.6666666666666666
CC(=O)C(O)=O,-8.333333333333334,3.2,-3.3333333333333335,8.8,1.0,7.2,-1.0,-3.2,-2.6666666666666665,3.0,0.0,1.3333333333333333,0.6666666666666666,0.6666666666666666,2.6666666666666665,-5.666666666666667,-2.6666666666666665,4.0,-5.666666666666667,6.666666666666667,3.0,-0.4,-3.6666666666666665,-10.666666666666666,-7.0,-7.0,-2.6666666666666665,-1.0,-7.2,-2.3333333333333335,-16.666666666666668,-12.333333333333334,5.0,0.3333333333333333,-1.2,15.0,5.666666666666667,-3.6666666666666665,-2.0,7.0,0.0,-0.6666666666666666,0.6666666666666666,-8.333333333333334,1.0,-2.6666666666666665,-1.6666666666666667,1.3333333333333333,-2.6666666666666665,2.3333333333333335
OCCOc1ccccc1,1.3333333333333333,3.2,0.6666666666666666,5.666666666666667,-0.3333333333333333,6.0,-1.0,0.0,1.0,-1.3333333333333333,21.333333333333332,0.0,2.6666666666666665,0.0,6.333333333333333,2.3333333333333335,1.6666666666666667,0.6666666666666666,-1.6666666666666667,0.3333333333333333,2.0,-2.6666666666666665,2.3333333333333335,2.3333333333333335,0.0,2.6666666666666665,2.3333333333333335,9.333333333333334,-2.3333333333333335,1.0,-1.6666666666666667,2.0,2.6666666666666665,10.4,1.0,8.0,0.3333333333333333,-0.4,1.6666666666666667,1.6666666666666667,-0.6666666666666666,-1.0,-0.4,-1.0,-2.3333333333333335,0.3333333333333333,1.6666666666666667,4.666666666666667,1.6666666666666667,0.6666666666666666
CCCc1ccccc1O,1.3333333333333333,11.333333333333334,-4.666666666666667,28.4,0.8,9.0,-0.6666666666666666,110.33333333333333,28.0,7.333333333333333,-0.6666666666666666,-1.6,-4.333333333333333,-1.2,8.333333333333334,20.0,3.6666666666666665,-1.6666666666666667,-4.333333333333333,6.333333333333333,1.6666666666666667,0.3333333333333333,-3.0,1.3333333333333333,-1.3333333333333333,3.3333333333333335,38.666666666666664,16.666666666666668,-3.6666666666666665,-6.666666666666667,-2.3333333333333335,-13.0,-11.666666666666666,16.0,1.0,42.333333333333336,1.0,-5.333333333333333,0.6666666666666666,5.333333333333333,3.6666666666666665,-0.6666666666666666,-3.0,-0.3333333333333333,59.666666666666664,1.3333333333333333,-4.0,1.0,-1.3333333333333333,3.0
Cc1cccc(O)c1,177.0,75.0,-17.0,29.0,-2.6666666666666665,24.666666666666668,-10.0,160.66666666666666,117.66666666666667,37.0,75.0,43.666666666666664,152.33333333333334,13.6,28.666666666666668,96.66666666666667,37.333333333333336,0.0,-8.666666666666666,-1.6666666666666667,-0.6666666666666666,1.6666666666666667,-2.0,14.666666666666666,-14.666666666666666,0.0,60.0,22.0,-3.3333333333333335,-12.0,-25.666666666666668,-15.666666666666666,-16.333333333333332,15.333333333333334,-5.0,41.2,2.3333333333333335,-16.0,27.666666666666668,44.666666666666664,-2.3333333333333335,0.6666666666666666,2.0,-6.0,15.0,-6.333333333333333,-6.666666666666667,0.0,-13.0,-5.333333333333333
CC(C)CCO,140.33333333333334,3.0,-8.0,34.666666666666664,2.0,8.8,-8.333333333333334,19.0,7.333333333333333,70.0,151.33333333333334,31.333333333333332,10.0,15.0,76.0,118.0,127.66666666666667,1.6666666666666667,-1.3333333333333333,22.333333333333332,21.0,41.666666666666664,10.666666666666666,21.666666666666668,-17.0,10.666666666666666,162.33333333333334,70.66666666666667,-16.333333333333332,-3.0,-33.666666666666664,-26.666666666666668,-8.666666666666666,184.4,61.666666666666664,86.4,96.66666666666667,-20.333333333333332,158.0,251.33333333333334,-6.333333333333333,26.0,5.666666666666667,22.0,11.6,-2.0,-5.6,-9.333333333333334,8.666666666666666,0.0
CC1=CC(O)CCC1,1.6666666666666667,17.0,-11.0,22.4,-7.666666666666667,67.33333333333333,-10.333333333333334,2.6666666666666665,14.333333333333334,85.0,184.66666666666666,58.666666666666664,8.0,9.0,102.33333333333333,182.0,219.66666666666666,0.3333333333333333,-7.333333333333333,43.0,27.333333333333332,34.666666666666664,4.666666666666667,8.333333333333334,-19.666666666666668,7.0,23.0,24.0,-4.0,-11.0,-10.0,-20.333333333333332,-16.333333333333332,96.0,15.0,99.33333333333333,45.666666666666664,-12.0,52.666666666666664,101.66666666666667,1.6666666666666667,18.333333333333332,2.0,3.6666666666666665,11.0,5.0,-10.666666666666666,-2.0,-6.666666666666667,-6.0
CCC/C(C)=C/C(O)=O,-8.0,2.0,-4.0,2.3333333333333335,0.0,0.0,-1.6,1.6666666666666667,-10.0,-2.3333333333333335,2.0,1.0,2.8,0.0,1.3333333333333333,3.0,-1.3333333333333333,-0.3333333333333333,-10.0,-2.0,-3.3333333333333335,-0.8,7.333333333333333,-9.2,-13.333333333333334,-19.6,-6.666666666666667,4.0,-22.666666666666668,-18.0,-9.0,-13.666666666666666,-7.666666666666667,6.333333333333333,-7.333333333333333,-4.0,-2.0,-28.666666666666668,-1.0,12.666666666666666,6.333333333333333,-5.333333333333333,-3.0,2.3333333333333335,-2.6666666666666665,-18.333333333333332,-8.0,-2.6666666666666665,-15.0,-2.3333333333333335
Cc1c[nH]c2ccccc12,1.0,111.0,2.3333333333333335,-0.8,-1.0,6.8,-2.0,1.0,244.0,30.0,17.666666666666668,11.333333333333334,99.33333333333333,4.0,18.0,29.666666666666668,0.3333333333333333,0.8,-2.3333333333333335,1.0,6.0,1.3333333333333333,-1.2,1.3333333333333333,-1.3333333333333333,3.6666666666666665,1.6666666666666667,1.0,-3.6666666666666665,-1.6666666666666667,2.3333333333333335,-5.2,-0.3333333333333333,5.666666666666667,-0.3333333333333333,0.4,5.0,-4.666666666666667,-2.3333333333333335,3.6,-3.6666666666666665,-0.6666666666666666,-1.6666666666666667,4.333333333333333,2.6666666666666665,0.0,-5.333333333333333,-2.0,-1.0,2.3333333333333335
CCCCCC(=O)CC,-21.666666666666668,12.333333333333334,-18.333333333333332,65.2,-4.666666666666667,22.0,231.66666666666666,9.333333333333334,-7.0,7.333333333333333,-13.0,-13.0,-1.6666666666666667,17.0,42.666666666666664,1.0,9.333333333333334,9.2,-19.333333333333332,22.0,30.4,221.66666666666666,45.666666666666664,27.333333333333332,-23.0,-46.333333333333336,-18.666666666666668,86.0,-28.4,-26.0,-35.0,-30.0,-20.666666666666668,29.2,126.33333333333333,28.0,25.333333333333332,-49.6,30.333333333333332,53.333333333333336,-9.0,10.666666666666666,29.0,-10.333333333333334,9.666666666666666,-20.333333333333332,-31.0,-1.6666666666666667,88.33333333333333,-4.333333333333333
Cc1scnc1C,-1.0,14.8,-4.666666666666667,25.0,-6.333333333333333,48.4,-13.333333333333334,134.0,43.333333333333336,67.0,139.33333333333334,198.0,243.33333333333334,31.666666666666668,259.6666666666667,182.33333333333334,74.0,6.666666666666667,-11.0,15.666666666666666,13.0,52.666666666666664,1.6666666666666667,1.2,-29.333333333333332,0.3333333333333333,170.66666666666666,32.0,-11.333333333333334,-20.0,-21.666666666666668,-20.333333333333332,-11.333333333333334,43.6,-0.3333333333333333,81.66666666666667,56.666666666666664,-16.666666666666668,139.33333333333334,158.33333333333334,-6.0,12.333333333333334,-0.4,1.6,13.0,-11.0,-4.8,-8.333333333333334,-8.666666666666666,-8.666666666666666
CCc1ccc(O)cc1,144.66666666666666,29.333333333333332,-1.6666666666666667,98.33333333333333,2.0,5.2,6.666666666666667,64.33333333333333,16.0,2.6666666666666665,81.66666666666667,25.0,6.333333333333333,27.0,10.0,10.0,8.333333333333334,-0.8,-8.666666666666666,-1.3333333333333333,3.2,-3.0,0.3333333333333333,17.333333333333332,-4.666666666666667,-1.3333333333333333,44.0,61.0,-0.4,-5.0,-2.3333333333333335,-12.333333333333334,-2.0,10.333333333333334,2.3333333333333335,20.333333333333332,2.3333333333333335,-9.6,19.333333333333332,24.0,-4.666666666666667,-1.0,-1.3333333333333333,-4.0,52.0,-4.333333333333333,2.4,2.0,-4.333333333333333,-7.333333333333333
CC1CCC(O)CC1,186.33333333333334,6.4,-13.333333333333334,36.4,-5.2,3.6,-6.333333333333333,56.0,7.333333333333333,131.0,213.66666666666666,49.666666666666664,-3.6,33.666666666666664,114.66666666666667,252.33333333333334,130.66666666666666,-1.6666666666666667,7.0,38.666666666666664,32.666666666666664,30.4,3.3333333333333335,3.6666666666666665,-17.0,4.0,219.0,36.0,-0.8,-4.666666666666667,-17.0,-21.666666666666668,0.0,90.33333333333333,31.333333333333332,142.33333333333334,35.666666666666664,0.0,163.0,198.66666666666666,-4.8,12.333333333333334,3.3333333333333335,43.666666666666664,7.333333333333333,3.3333333333333335,2.3333333333333335,-5.666666666666667,6.666666666666667,-10.666666666666666
Cc1ccc(O)cc1,178.0,118.33333333333333,-7.333333333333333,60.0,-4.333333333333333,15.6,-2.0,177.33333333333334,167.0,26.333333333333332,156.33333333333334,159.66666666666666,73.0,38.666666666666664,32.0,52.0,27.0,-2.3333333333333335,-10.333333333333334,-1.0,3.6666666666666665,0.6666666666666666,0.6666666666666666,33.666666666666664,-11.666666666666666,4.0,99.0,48.333333333333336,-9.6,-5.666666666666667,-18.0,-13.666666666666666,-6.666666666666667,21.333333333333332,0.3333333333333333,29.333333333333332,3.6666666666666665,-5.6,18.666666666666668,27.0,-0.6666666666666666,3.6666666666666665,-4.333333333333333,2.0,76.33333333333333,-5.666666666666667,-4.0,-4.666666666666667,-3.6666666666666665,-5.666666666666667
Cc1cscn1,3.6666666666666665,41.666666666666664,-3.2,30.666666666666668,23.0,61.2,-12.4,74.66666666666667,58.333333333333336,45.666666666666664,180.0,84.0,96.33333333333333,6.666666666666667,224.66666666666666,107.0,92.0,-2.0,-9.333333333333334,17.666666666666668,30.666666666666668,26.4,1.0,-1.0,-26.666666666666668,-4.333333333333333,166.0,28.666666666666668,-10.666666666666666,-15.6,-26.333333333333332,-16.333333333333332,-3.0,50.0,5.0,86.0,47.333333333333336,-9.333333333333334,153.66666666666666,197.0,-10.4,10.666666666666666,0.3333333333333333,-14.0,5.0,-5.666666666666667,-8.0,-4.0,-6.666666666666667,-14.0
C[C@]12CC[C@H]3[C@@H](CC[C@H]4CC(=O)CC[C@]34C)[C@@H]1CC=C2,-1.0,3.6666666666666665,1.3333333333333333,-0.3333333333333333,4.8,1.6666666666666667,6.666666666666667,2.6666666666666665,2.0,0.3333333333333333,5.2,1.6666666666666667,-1.6666666666666667,0.3333333333333333,8.0,-1.0,1.0,0.3333333333333333,-3.3333333333333335,2.0,-3.0,-2.0,-2.3333333333333335,5.0,0.6666666666666666,0.3333333333333333,0.3333333333333333,-0.6666666666666666,2.6666666666666665,1.6666666666666667,3.3333333333333335,0.6666666666666666,-2.3333333333333335,5.333333333333333,-1.3333333333333333,4.666666666666667,2.6666666666666665,-1.0,-1.0,1.3333333333333333,0.4,0.6666666666666666,2.3333333333333335,-1.3333333333333333,-1.3333333333333333,-1.3333333333333333,-2.0,1.3333333333333333,-1.3333333333333333,-1.0
C[C@]12CC[C@H]3[C@@H](CC[C@H]4C[C@H](O)CC[C@]34C)[C@@H]1CC=C2,4.0,3.3333333333333335,0.0,11.666666666666666,13.666666666666666,19.0,0.0,10.0,4.333333333333333,5.333333333333333,11.333333333333334,24.666666666666668,19.666666666666668,0.0,29.0,17.333333333333332,33.6,6.0,3.3333333333333335,3.3333333333333335,4.0,1.0,16.333333333333332,6.0,-7.333333333333333,-14.666666666666666,-1.0,2.0,-4.333333333333333,-1.3333333333333333,-11.6,-5.0,1.6,30.333333333333332,26.0,7.333333333333333,43.0,-12.333333333333334,20.333333333333332,35.0,-1.0,4.666666666666667,-0.3333333333333333,16.333333333333332,3.6666666666666665,-7.666666666666667,-1.3333333333333333,17.666666666666668,-0.3333333333333333,-0.6666666666666666
CC(C)=CCCC(C)=O,-26.0,1.6666666666666667,-19.333333333333332,77.0,3.3333333333333335,19.2,-11.666666666666666,55.333333333333336,-5.0,8.333333333333334,-7.333333333333333,-16.333333333333332,0.3333333333333333,17.0,79.0,59.0,97.33333333333333,-0.6666666666666666,-19.0,44.666666666666664,38.666666666666664,199.33333333333334,46.666666666666664,50.333333333333336,-27.666666666666668,-14.0,76.66666666666667,147.33333333333334,-23.0,-29.333333333333332,-43.333333333333336,-26.0,-23.0,34.333333333333336,83.66666666666667,83.33333333333333,43.0,-47.2,65.33333333333333,117.33333333333333,-0.3333333333333333,18.333333333333332,24.0,-9.0,13.0,-25.0,-18.666666666666668,-6.0,134.66666666666666,-10.666666666666666
OC(=O)CCCCCC=C,-1.6666666666666667,1.3333333333333333,2.3333333333333335,0.3333333333333333,0.6666666666666666,0.0,6.666666666666667,-1.6666666666666667,4.0,-2.3333333333333335,2.0,1.0,2.0,0.3333333333333333,3.3333333333333335,-1.0,-1.6666666666666667,1.6666666666666667,0.6666666666666666,-1.3333333333333333,-0.6666666666666666,-1.3333333333333333,1.6666666666666667,0.0,0.0,1.3333333333333333,2.3333333333333335,3.2,-5.0,-0.3333333333333333,3.3333333333333335,-1.6666666666666667,-2.3333333333333335,5.666666666666667,-0.3333333333333333,1.0,1.0,-0.6666666666666666,0.0,7.333333333333333,0.3333333333333333,1.0,-2.0,2.4,-2.3333333333333335,0.6666666666666666,4.333333333333333,3.0,0.0,0.6666666666666666
CC(O)=O,-3.6666666666666665,0.8,1.6666666666666667,5.333333333333333,0.6666666666666666,-0.6666666666666666,-2.0,3.3333333333333335,3.6666666666666665,0.3333333333333333,-2.0,-2.3333333333333335,1.6666666666666667,0.3333333333333333,1.3333333333333333,-1.3333333333333333,-1.0,8.0,-2.6666666666666665,-1.6666666666666667,2.4,0.3333333333333333,-0.3333333333333333,1.3333333333333333,-10.333333333333334,-5.333333333333333,1.6666666666666667,0.3333333333333333,-5.0,-8.666666666666666,-10.666666666666666,-5.0,-0.6666666666666666,28.333333333333332,4.0,21.666666666666668,-0.6666666666666666,-6.666666666666667,1.3333333333333333,0.0,1.0,0.6666666666666666,6.4,-0.6666666666666666,0.6666666666666666,-14.0,-7.666666666666667,1.0,-4.0,-0.3333333333333333
CC(C)=O,-11.333333333333334,3.0,-5.666666666666667,1.6666666666666667,-2.6666666666666665,3.0,-2.3333333333333335,-2.0,-5.0,-4.0,5.333333333333333,-5.0,-2.3333333333333335,0.6666666666666666,7.666666666666667,-1.6666666666666667,10.666666666666666,2.6666666666666665,-4.333333333333333,3.0,7.0,3.3333333333333335,2.6666666666666665,-3.6666666666666665,-9.0,-19.0,-0.3333333333333333,-1.3333333333333333,-10.666666666666666,-5.333333333333333,-7.0,-4.0,-6.0,26.8,1.0,6.4,28.0,-16.0,4.333333333333333,10.0,-0.3333333333333333,5.0,-4.333333333333333,-7.666666666666667,-0.3333333333333333,3.0,-10.666666666666666,3.3333333333333335,-10.666666666666666,-3.3333333333333335
CC(=O)c1ccccc1,-1.0,24.0,-1.6666666666666667,37.333333333333336,-2.0,242.33333333333334,-12.0,74.33333333333333,105.0,85.0,105.0,96.66666666666667,247.66666666666666,62.666666666666664,204.0,88.33333333333333,163.0,0.3333333333333333,-17.0,11.666666666666666,16.333333333333332,70.33333333333333,-5.333333333333333,4.666666666666667,-14.666666666666666,-10.0,199.33333333333334,35.333333333333336,-16.666666666666668,-17.333333333333332,-25.666666666666668,-18.0,-8.333333333333334,76.0,-5.333333333333333,139.33333333333334,13.333333333333334,-19.2,47.666666666666664,88.0,-9.0,6.666666666666667,3.2,-5.666666666666667,1.0,-14.0,-6.666666666666667,-7.666666666666667,8.666666666666666,-10.333333333333334
CCCCCOC(C)=O,-22.333333333333332,7.666666666666667,-20.666666666666668,85.2,-1.6666666666666667,23.333333333333332,-1.6666666666666667,1.3333333333333333,-7.0,17.0,-9.333333333333334,-14.0,17.666666666666668,27.666666666666668,118.33333333333333,2.0,59.666666666666664,4.0,-18.333333333333332,23.0,18.666666666666668,171.33333333333334,51.333333333333336,40.333333333333336,-27.0,-38.666666666666664,-10.666666666666666,86.66666666666667,-36.666666666666664,-22.0,-36.0,-22.333333333333332,-17.333333333333332,41.666666666666664,127.33333333333333,41.6,18.0,-53.2,47.333333333333336,84.33333333333333,-4.333333333333333,12.0,34.333333333333336,-12.0,7.0,-17.0,-33.0,-6.0,56.666666666666664,1.0
O=Cc1ccccc1,43.666666666666664,256.6666666666667,-6.666666666666667,38.0,4.8,112.66666666666667,-10.333333333333334,15.0,257.0,118.33333333333333,124.33333333333333,219.33333333333334,217.0,38.0,57.333333333333336,64.0,133.33333333333334,-2.0,-14.333333333333334,19.333333333333332,2.3333333333333335,40.666666666666664,-4.0,1.3333333333333333,-9.0,-15.333333333333334,257.0,74.66666666666667,-13.0,-9.333333333333334,-7.0,-23.666666666666668,-14.666666666666666,108.66666666666667,2.0,70.33333333333333,33.333333333333336,-19.666666666666668,28.333333333333332,135.33333333333334,-5.666666666666667,5.333333333333333,-2.3333333333333335,-12.666666666666666,-0.6666666666666666,-9.333333333333334,-11.0,5.666666666666667,-9.0,-7.666666666666667
CC(=O)OCc1ccccc1,-7.0,6.0,3.3333333333333335,70.33333333333333,-3.6666666666666665,8.0,-7.333333333333333,23.333333333333332,35.0,2.6666666666666665,-9.666666666666666,7.0,-6.0,-0.3333333333333333,42.0,0.3333333333333333,-0.3333333333333333,-2.0,-22.0,9.666666666666666,3.6666666666666665,84.66666666666667,70.66666666666667,47.333333333333336,-15.0,10.333333333333334,64.33333333333333,176.33333333333334,-11.0,-7.666666666666667,-7.666666666666667,-4.4,-17.333333333333332,22.666666666666668,23.0,2.0,-2.6666666666666665,-13.333333333333334,30.666666666666668,66.66666666666667,-9.0,1.0,14.333333333333334,2.6666666666666665,-0.3333333333333333,-2.6666666666666665,-2.6666666666666665,-2.3333333333333335,45.333333333333336,0.0
CCCC(O)=O,-6.0,-3.6,-4.4,6.0,0.3333333333333333,0.6666666666666666,-3.6666666666666665,2.0,-2.6666666666666665,0.0,-2.3333333333333335,-3.2,2.0,-1.2,-5.333333333333333,7.333333333333333,11.0,-1.3333333333333333,-8.0,1.3333333333333333,3.6666666666666665,-0.6666666666666666,8.666666666666666,-7.333333333333333,-11.0,-9.333333333333334,-3.3333333333333335,6.666666666666667,-10.333333333333334,-5.0,-13.666666666666666,3.3333333333333335,-6.0,39.333333333333336,-2.0,39.6,0.3333333333333333,-29.333333333333332,-1.6666666666666667,-2.0,-5.666666666666667,3.6666666666666665,1.3333333333333333,0.4,-2.3333333333333335,-11.666666666666666,-13.666666666666666,3.3333333333333335,-0.8,0.6666666666666666
NCCCCCN,-5.666666666666667,1.3333333333333333,-2.3333333333333335,3.0,-0.8,2.0,7.666666666666667,-3.0,-1.0,0.0,1.3333333333333333,0.3333333333333333,6.333333333333333,0.0,-5.0,0.4,-0.6666666666666666,-0.3333333333333333,-0.3333333333333333,0.0,5.0,2.0,2.3333333333333335,-1.3333333333333333,-4.0,-14.0,-2.3333333333333335,-0.3333333333333333,-5.0,1.6666666666666667,-8.333333333333334,-5.0,-4.333333333333333,10.333333333333334,-5.0,-0.3333333333333333,-0.6666666666666666,-15.666666666666666,-3.3333333333333335,-7.666666666666667,3.6666666666666665,-0.6666666666666666,5.0,1.3333333333333333,1.6666666666666667,-6.666666666666667,-6.333333333333333,-1.6666666666666667,-4.666666666666667,1.0
CCCCCCCC/C=C/CCCCCCCC(O)=O,-3.3333333333333335,2.0,0.6666666666666666,-2.0,5.333333333333333,0.6666666666666666,8.666666666666666,3.6666666666666665,0.0,-2.8,2.4,-0.6666666666666666,-1.6,0.0,6.666666666666667,-1.6666666666666667,-0.6666666666666666,1.3333333333333333,-5.666666666666667,1.6666666666666667,-1.3333333333333333,1.3333333333333333,-1.6666666666666667,5.0,-9.333333333333334,-4.333333333333333,-0.3333333333333333,1.3333333333333333,-2.0,0.6666666666666666,0.6666666666666666,0.6666666666666666,-4.333333333333333,5.666666666666667,-4.0,0.3333333333333333,2.0,-4.0,-4.4,-0.3333333333333333,-0.3333333333333333,0.6666666666666666,-0.3333333333333333,-0.6666666666666666,-3.3333333333333335,-1.6666666666666667,-1.0,3.0,-2.6666666666666665,-1.6666666666666667
C[C@H](CCC=C(C)C)CC=O,-2.3333333333333335,3.3333333333333335,-1.0,20.8,-5.666666666666667,0.3333333333333333,-2.3333333333333335,5.666666666666667,2.0,0.3333333333333333,-8.0,-4.0,-7.666666666666667,-0.3333333333333333,8.666666666666666,15.0,0.3333333333333333,-1.3333333333333333,-16.666666666666668,11.0,13.333333333333334,218.66666666666666,48.333333333333336,35.666666666666664,-5.666666666666667,12.666666666666666,6.666666666666667,4.0,-6.8,-7.2,-3.0,-5.6,-12.333333333333334,35.2,52.666666666666664,82.33333333333333,30.666666666666668,-2.0,10.0,41.666666666666664,9.333333333333334,2.6666666666666665,22.333333333333332,2.0,4.333333333333333,3.3333333333333335,-8.0,-5.666666666666667,92.33333333333333,15.333333333333334
O=C1CCCCC1,-9.0,-0.3333333333333333,6.333333333333333,40.0,-2.3333333333333335,26.333333333333332,-7.666666666666667,3.6666666666666665,7.666666666666667,95.33333333333333,60.333333333333336,34.333333333333336,4.0,4.333333333333333,41.0,35.333333333333336,126.0,-3.0,-9.0,42.0,40.333333333333336,107.0,4.333333333333333,-6.666666666666667,-9.333333333333334,-5.0,23.333333333333332,20.666666666666668,-12.0,-16.0,-10.666666666666666,-11.333333333333334,-11.666666666666666,94.33333333333333,73.33333333333333,80.66666666666667,97.33333333333333,-13.0,98.0,117.33333333333333,-5.333333333333333,9.0,10.0,26.666666666666668,8.333333333333334,-4.0,-15.0,-6.666666666666667,17.0,-1.6666666666666667
CCCCCCCCCC=O,-1.3333333333333333,4.666666666666667,1.3333333333333333,0.0,0.0,-1.6,1.3333333333333333,-2.6666666666666665,1.0,7.333333333333333,-2.0,-0.3333333333333333,2.6666666666666665,1.0,2.6666666666666665,2.3333333333333335,6.0,-0.8,7.0,0.6666666666666666,3.3333333333333335,15.666666666666666,2.6666666666666665,13.2,-0.6666666666666666,-1.6666666666666667,-3.0,2.3333333333333335,-1.0,-1.3333333333333333,1.0,5.2,-6.333333333333333,7.2,31.666666666666668,-0.8,1.3333333333333333,-3.6666666666666665,-1.0,5.0,0.3333333333333333,1.6666666666666667,2.0,5.333333333333333,-0.6666666666666666,3.0,-5.333333333333333,6.333333333333333,8.4,-1.3333333333333333
CCCCCCCCCC(O)=O,0.0,9.0,3.0,1.6666666666666667,0.3333333333333333,1.3333333333333333,1.0,-1.6666666666666667,-2.0,-0.6666666666666666,0.3333333333333333,0.6666666666666666,2.3333333333333335,-0.3333333333333333,3.6666666666666665,-2.0,-0.6666666666666666,0.0,1.3333333333333333,-1.3333333333333333,-1.3333333333333333,0.6666666666666666,2.6666666666666665,1.0,-3.0,-3.3333333333333335,0.3333333333333333,1.0,-0.6666666666666666,0.0,-10.666666666666666,2.8,-2.6666666666666665,0.6666666666666666,0.6666666666666666,9.0,0.6666666666666666,-2.0,1.6666666666666667,6.0,-3.0,-1.0,-1.6666666666666667,0.6666666666666666,-5.6,2.3333333333333335,-0.3333333333333333,-1.6666666666666667,-0.6666666666666666,2.0
CCCCCC1CCCC(=O)O1,2.0,1.3333333333333333,1.3333333333333333,-0.3333333333333333,0.6666666666666666,0.6666666666666666,0.0,-2.0,-2.3333333333333335,-4.0,0.0,3.0,1.0,0.3333333333333333,-4.333333333333333,3.6666666666666665,1.3333333333333333,0.6666666666666666,1.3333333333333333,0.3333333333333333,3.2,-3.6,1.6666666666666667,-1.3333333333333333,-0.6666666666666666,0.3333333333333333,-0.3333333333333333,0.0,-3.3333333333333335,-0.6666666666666666,1.6666666666666667,-3.3333333333333335,1.0,0.0,23.333333333333332,-4.0,1.3333333333333333,-6.333333333333333,-1.3333333333333333,1.0,-2.0,3.6666666666666665,0.6666666666666666,-1.6666666666666667,0.6666666666666666,-1.0,5.666666666666667,-0.6666666666666666,-1.0,1.6666666666666667
CSC,-18.666666666666668,5.666666666666667,-4.333333333333333,35.0,-7.0,0.0,-1.0,10.0,0.6666666666666666,30.666666666666668,90.66666666666667,-8.8,17.666666666666668,0.0,19.666666666666668,7.666666666666667,27.333333333333332,-2.8,-13.0,3.3333333333333335,12.4,9.333333333333334,28.333333333333332,13.666666666666666,-15.333333333333334,-19.666666666666668,30.666666666666668,27.333333333333332,-14.0,-8.0,-25.0,-8.0,-16.333333333333332,5.666666666666667,-4.0,30.0,21.666666666666668,-25.666666666666668,31.666666666666668,175.33333333333334,-4.0,-1.3333333333333333,-4.666666666666667,-6.333333333333333,-4.333333333333333,-14.333333333333334,-8.666666666666666,-1.6666666666666667,6.333333333333333,-6.666666666666667
CCCCCCCCCCCC(O)=O,-1.0,-3.2,3.0,2.3333333333333335,3.3333333333333335,0.3333333333333333,-0.6666666666666666,-3.0,-1.0,-2.0,0.6666666666666666,-2.0,2.6666666666666665,3.0,4.666666666666667,3.3333333333333335,0.0,2.3333333333333335,1.3333333333333333,1.3333333333333333,1.6,0.6666666666666666,1.3333333333333333,0.3333333333333333,1.3333333333333333,1.0,2.0,-1.3333333333333333,0.0,0.3333333333333333,3.0,-0.3333333333333333,1.3333333333333333,3.6666666666666665,-1.0,7.333333333333333,1.6666666666666667,0.0,3.6666666666666665,2.0,-2.3333333333333335,0.0,-0.8,-0.3333333333333333,2.6666666666666665,2.3333333333333335,0.6666666666666666,1.6666666666666667,1.0,-3.0
CCC/C=C/C=O,-4.666666666666667,10.333333333333334,11.6,97.66666666666667,3.6,0.3333333333333333,-6.333333333333333,14.333333333333334,27.666666666666668,21.333333333333332,43.666666666666664,35.666666666666664,6.0,3.6666666666666665,28.666666666666668,23.2,60.0,2.3333333333333335,27.0,30.666666666666668,33.666666666666664,52.666666666666664,19.0,-11.333333333333334,-21.0,-8.0,240.33333333333334,45.666666666666664,-18.666666666666668,-11.333333333333334,-24.333333333333332,-9.666666666666666,-13.333333333333334,48.666666666666664,30.0,53.666666666666664,30.0,-39.333333333333336,66.0,117.66666666666667,0.8,11.666666666666666,2.3333333333333335,8.0,1.6666666666666667,-22.333333333333332,-20.0,-0.3333333333333333,-5.333333333333333,-6.333333333333333
CCO,0.3333333333333333,3.0,0.6666666666666666,21.0,23.333333333333332,21.666666666666668,4.666666666666667,7.0,5.0,-0.6666666666666666,14.666666666666666,24.333333333333332,16.666666666666668,-0.6666666666666666,24.666666666666668,16.333333333333332,30.666666666666668,4.0,6.666666666666667,1.0,2.4,1.6666666666666667,12.666666666666666,9.666666666666666,-10.666666666666666,-12.8,-0.3333333333333333,2.6666666666666665,-2.0,0.0,-8.333333333333334,-3.3333333333333335,-1.2,15.666666666666666,26.666666666666668,4.666666666666667,40.666666666666664,-19.333333333333332,20.333333333333332,44.666666666666664,-2.3333333333333335,6.666666666666667,5.0,6.666666666666667,12.0,-7.666666666666667,-6.333333333333333,17.0,-2.6666666666666665,10.333333333333334
CCOC(C)=O,-10.666666666666666,2.0,-5.2,20.8,6.8,30.0,-4.0,14.333333333333334,9.666666666666666,28.8,101.33333333333333,6.0,35.666666666666664,1.3333333333333333,101.66666666666667,28.666666666666668,76.33333333333333,2.4,-14.666666666666666,24.0,7.666666666666667,24.333333333333332,-0.3333333333333333,-5.0,-26.666666666666668,-19.666666666666668,21.0,31.333333333333332,-18.666666666666668,-14.0,-3.3333333333333335,-20.666666666666668,-18.666666666666668,62.8,5.666666666666667,36.0,27.666666666666668,-12.0,42.666666666666664,136.66666666666666,-10.4,8.0,3.3333333333333335,-4.666666666666667,4.333333333333333,-1.0,-17.333333333333332,0.3333333333333333,-15.0,-5.0
CCCC(=O)OCC,-16.666666666666668,10.0,-4.666666666666667,67.2,-0.6666666666666666,28.8,-5.666666666666667,57.333333333333336,6.666666666666667,23.333333333333332,73.33333333333333,-3.6666666666666665,2.6666666666666665,2.0,84.0,32.8,84.0,-2.6666666666666665,-20.333333333333332,35.333333333333336,33.2,49.0,7.666666666666667,17.0,-26.333333333333332,-14.0,61.333333333333336,28.666666666666668,-27.333333333333332,-2.0,-27.333333333333332,-27.666666666666668,-17.0,123.66666666666667,15.333333333333334,50.0,13.0,-40.0,67.33333333333333,165.33333333333334,-2.3333333333333335,3.0,12.333333333333334,10.666666666666666,22.8,-5.0,-20.666666666666668,-1.6666666666666667,60.333333333333336,-6.0
CCOC=O,-9.0,3.6666666666666665,-6.666666666666667,3.3333333333333335,-4.666666666666667,6.333333333333333,-9.666666666666666,-1.0,2.6666666666666665,2.6666666666666665,17.333333333333332,9.333333333333334,2.0,1.0,16.0,1.6666666666666667,18.0,-0.6666666666666666,-14.0,1.6666666666666667,4.0,1.0,1.0,-12.666666666666666,-22.0,-23.666666666666668,-0.6666666666666666,3.0,-12.0,-5.6,-18.666666666666668,-11.666666666666666,-11.333333333333334,13.6,0.3333333333333333,11.0,22.666666666666668,-19.0,9.333333333333334,51.666666666666664,-4.333333333333333,2.0,-2.0,-5.0,-1.3333333333333333,-2.6666666666666665,-12.666666666666666,-3.3333333333333335,-9.666666666666666,-4.333333333333333
CCCCCC(=O)OCC,-6.0,7.333333333333333,4.0,45.0,-1.3333333333333333,-2.0,25.333333333333332,3.0,-0.6666666666666666,3.0,-4.0,0.6666666666666666,-6.0,0.0,81.0,6.666666666666667,69.0,-1.6666666666666667,-13.0,24.0,10.8,110.66666666666667,57.333333333333336,57.0,-7.333333333333333,14.666666666666666,1.6666666666666667,35.666666666666664,-11.666666666666666,-13.0,-7.333333333333333,-6.0,-15.333333333333334,59.333333333333336,45.0,23.666666666666668,4.0,-20.333333333333332,20.666666666666668,82.66666666666667,-1.6666666666666667,0.0,25.333333333333332,0.3333333333333333,5.333333333333333,-10.333333333333334,-9.666666666666666,-5.333333333333333,68.33333333333333,2.0
CCOC(=O)CC,-20.0,5.333333333333333,-13.666666666666666,44.666666666666664,2.0,45.333333333333336,-7.333333333333333,55.0,1.2,23.333333333333332,87.0,-12.0,48.666666666666664,6.0,119.33333333333333,52.666666666666664,78.0,0.6666666666666666,-14.666666666666666,17.333333333333332,14.666666666666666,22.333333333333332,3.0,26.4,-20.666666666666668,-6.0,51.666666666666664,51.666666666666664,-20.333333333333332,-2.6666666666666665,-23.0,-18.333333333333332,-15.666666666666666,83.0,2.0,63.0,7.333333333333333,-30.333333333333332,72.66666666666667,150.33333333333334,-1.0,12.0,0.0,1.0,9.0,-7.666666666666667,-3.3333333333333335,-7.333333333333333,9.2,-10.333333333333334
CCCCCCC1CCC(=O)O1,2.3333333333333335,3.6666666666666665,2.6666666666666665,0.6666666666666666,6.0,-0.6666666666666666,-4.666666666666667,1.0,1.0,-2.3333333333333335,-1.0,-0.3333333333333333,1.3333333333333333,0.0,4.4,3.0,-0.4,2.6666666666666665,1.3333333333333333,0.0,3.6666666666666665,-6.0,3.0,3.6666666666666665,0.6666666666666666,2.3333333333333335,3.3333333333333335,0.6666666666666666,0.0,1.3333333333333333,1.0,3.0,2.3333333333333335,0.3333333333333333,18.0,2.0,3.3333333333333335,2.0,-1.6666666666666667,4.0,0.3333333333333333,-0.3333333333333333,-1.0,3.0,4.666666666666667,-0.3333333333333333,5.0,2.0,1.0,-3.6666666666666665
CC(C)=CCC\C(C)=C\CO,1.0,2.3333333333333335,3.0,0.8,-2.0,-0.3333333333333333,-0.6666666666666666,-1.0,1.6666666666666667,-3.0,0.6666666666666666,-2.0,-2.3333333333333335,1.2,-2.6666666666666665,12.333333333333334,2.6666666666666665,-0.3333333333333333,0.6666666666666666,4.666666666666667,-2.3333333333333335,10.0,3.6666666666666665,3.3333333333333335,2.0,6.0,-1.6666666666666667,3.6666666666666665,-0.4,-1.6666666666666667,0.3333333333333333,8.666666666666666,-1.3333333333333333,8.333333333333334,2.6666666666666665,5.6,3.3333333333333335,-5.0,4.0,6.666666666666667,0.0,-1.6666666666666667,2.0,2.0,-0.3333333333333333,1.0,-4.0,-1.3333333333333333,4.0,-1.6666666666666667
CC(=O)OC/C=C(C)/CCC=C(C)C,-10.333333333333334,-0.3333333333333333,4.666666666666667,-5.6,7.666666666666667,-1.0,-1.0,4.0,-4.0,0.6666666666666666,-4.333333333333333,-1.0,-3.3333333333333335,-0.3333333333333333,-6.666666666666667,12.0,-2.3333333333333335,3.6,-10.333333333333334,1.6666666666666667,1.6666666666666667,5.0,129.33333333333334,43.333333333333336,-12.0,64.33333333333333,-4.666666666666667,-1.6666666666666667,-11.0,-5.0,-14.333333333333334,-0.3333333333333333,-8.666666666666666,17.2,-1.3333333333333333,4.666666666666667,3.6666666666666665,-23.666666666666668,9.666666666666666,0.3333333333333333,-1.6,1.3333333333333333,-1.3333333333333333,9.0,-1.0,-4.666666666666667,-5.333333333333333,2.6666666666666665,-4.333333333333333,-3.3333333333333335
CC(C)=CCC\C(C)=C\CCC(C)=O,-2.0,-0.6666666666666666,-1.0,2.0,1.0,0.6666666666666666,7.666666666666667,1.6666666666666667,0.0,-1.6666666666666667,5.0,2.3333333333333335,1.0,-0.3333333333333333,-2.3333333333333335,1.6666666666666667,4.333333333333333,-0.6666666666666666,1.3333333333333333,1.0,-1.3333333333333333,2.6666666666666665,57.333333333333336,8.0,-1.3333333333333333,71.33333333333333,2.3333333333333335,3.3333333333333335,-4.666666666666667,2.0,-8.666666666666666,2.6666666666666665,-2.4,0.6666666666666666,-0.6666666666666666,11.0,0.3333333333333333,-2.0,0.0,-2.3333333333333335,-1.3333333333333333,0.0,2.0,-0.6666666666666666,0.0,1.0,1.0,-2.3333333333333335,3.0,1.2
CCCCCCC=O,-24.0,3.0,-14.666666666666666,88.33333333333333,-5.666666666666667,0.6666666666666666,-9.666666666666666,4.0,-6.0,17.666666666666668,-7.666666666666667,-12.0,6.333333333333333,9.2,-1.0,-7.0,38.666666666666664,1.3333333333333333,-14.666666666666666,28.0,35.333333333333336,71.0,35.333333333333336,-15.666666666666666,-28.666666666666668,-28.333333333333332,69.0,71.66666666666667,-29.333333333333332,-20.333333333333332,-25.0,-9.333333333333334,-26.333333333333332,23.666666666666668,85.0,65.2,12.0,-45.333333333333336,50.0,85.33333333333333,19.333333333333332,18.333333333333332,6.0,-15.333333333333334,-3.3333333333333335,-23.0,-25.333333333333332,7.666666666666667,74.0,-6.333333333333333
CCCCCCC,-2.4,-2.0,-5.666666666666667,18.0,-4.333333333333333,-0.8,-6.333333333333333,-2.6666666666666665,-3.0,7.666666666666667,-3.6666666666666665,-4.333333333333333,1.3333333333333333,0.0,3.6666666666666665,0.0,-0.6666666666666666,-1.3333333333333333,-9.333333333333334,1.3333333333333333,-1.3333333333333333,7.0,26.333333333333332,-3.6666666666666665,-6.0,-7.666666666666667,14.0,27.333333333333332,-11.0,-1.6666666666666667,-12.333333333333334,-4.333333333333333,-5.333333333333333,4.4,5.333333333333333,14.0,-2.0,-10.666666666666666,4.666666666666667,14.0,-4.666666666666667,-0.6666666666666666,3.0,-2.3333333333333335,4.8,-2.6666666666666665,0.0,-3.0,45.333333333333336,-5.0
CCCCCCC(O)=O,1.0,1.6666666666666667,3.6666666666666665,2.6666666666666665,6.666666666666667,-1.2,-1.6666666666666667,0.3333333333333333,0.0,1.0,3.0,-1.3333333333333333,1.3333333333333333,0.0,0.3333333333333333,-1.0,0.6666666666666666,0.0,-1.0,4.0,1.2,3.6666666666666665,6.0,4.0,-1.0,0.3333333333333333,3.3333333333333335,-1.3333333333333333,1.3333333333333333,-1.6666666666666667,-6.666666666666667,-0.3333333333333333,0.0,0.4,0.3333333333333333,9.333333333333334,1.3333333333333333,0.4,-2.6666666666666665,-2.0,3.3333333333333335,0.0,-1.6666666666666667,-2.6666666666666665,-0.3333333333333333,0.6666666666666666,-1.6666666666666667,-2.0,1.6666666666666667,0.3333333333333333
CCCCCCCCCCCCCCCC(O)=O,2.0,10.4,5.2,2.0,9.0,7.2,-1.0,1.6666666666666667,4.666666666666667,9.666666666666666,21.0,4.666666666666667,17.2,0.4,27.666666666666668,24.333333333333332,38.666666666666664,4.0,3.6666666666666665,10.666666666666666,8.8,7.0,4.333333333333333,14.0,-4.333333333333333,-12.333333333333334,-1.0,4.0,-6.333333333333333,1.6666666666666667,-1.3333333333333333,-5.666666666666667,-0.3333333333333333,35.6,11.0,28.0,28.333333333333332,-14.666666666666666,10.0,31.0,1.6,11.0,5.666666666666667,3.3333333333333335,0.3333333333333333,-4.333333333333333,-9.0,12.333333333333334,-5.333333333333333,-2.0
CCCCCC=O,-13.0,7.666666666666667,-10.666666666666666,38.666666666666664,-4.0,8.0,-9.333333333333334,-0.6666666666666666,-5.333333333333333,18.666666666666668,-9.0,-11.333333333333334,-0.3333333333333333,1.3333333333333333,0.3333333333333333,4.333333333333333,28.0,-0.3333333333333333,-16.333333333333332,24.0,2.6666666666666665,6.333333333333333,0.0,-12.666666666666666,-23.666666666666668,-32.0,86.0,52.333333333333336,-33.0,-14.666666666666666,-22.333333333333332,-11.0,-15.666666666666666,24.0,9.0,23.666666666666668,7.333333333333333,-36.4,31.666666666666668,26.666666666666668,-5.0,2.3333333333333335,-0.3333333333333333,-8.4,0.0,-17.0,-30.666666666666668,-3.6666666666666665,-22.8,-10.0
CCCCCC(O)=O,-7.333333333333333,7.0,-2.6666666666666665,11.333333333333334,-9.0,3.6,-3.6666666666666665,7.333333333333333,-1.3333333333333333,2.3333333333333335,5.666666666666667,-6.8,24.0,2.3333333333333335,4.0,-3.6666666666666665,1.2,0.6666666666666666,-10.666666666666666,3.6666666666666665,11.666666666666666,0.0,-0.6666666666666666,-4.666666666666667,-16.0,-15.333333333333334,-4.0,30.666666666666668,-11.0,-10.666666666666666,-20.666666666666668,-10.333333333333334,-8.0,4.4,-4.666666666666667,7.333333333333333,-0.6666666666666666,-20.8,-11.666666666666666,0.6666666666666666,-6.0,-0.3333333333333333,0.3333333333333333,-6.8,-2.3333333333333335,-13.333333333333334,-17.333333333333332,-5.666666666666667,-12.0,0.0
[nH]1ccc2ccccc12,-5.333333333333333,253.66666666666666,1.6666666666666667,3.6666666666666665,3.0,20.4,5.666666666666667,-1.3333333333333333,247.0,21.0,73.66666666666667,41.2,31.333333333333332,1.0,15.333333333333334,78.0,29.333333333333332,-0.6666666666666666,-6.0,1.3333333333333333,-2.3333333333333335,1.3333333333333333,0.0,2.3333333333333335,-5.333333333333333,0.3333333333333333,47.0,28.0,-6.0,-1.3333333333333333,-5.333333333333333,-3.0,-8.0,-1.0,-3.3333333333333335,13.333333333333334,-0.6666666666666666,-6.4,0.3333333333333333,17.333333333333332,-0.6666666666666666,-0.3333333333333333,-1.0,-2.3333333333333335,1.0,-0.3333333333333333,1.3333333333333333,-4.0,0.0,-0.3333333333333333
CC(C)CCOC(C)=O,-13.666666666666666,1.6666666666666667,-13.0,131.33333333333334,-5.333333333333333,38.8,9.0,22.666666666666668,7.333333333333333,22.0,-5.2,-5.666666666666667,42.0,28.8,97.66666666666667,8.333333333333334,53.666666666666664,1.3333333333333333,-24.0,30.666666666666668,22.4,95.0,42.333333333333336,35.666666666666664,-37.333333333333336,-25.333333333333332,-14.333333333333334,81.66666666666667,-33.666666666666664,-19.333333333333332,-45.333333333333336,-15.666666666666666,-13.666666666666666,81.66666666666667,39.666666666666664,82.66666666666667,24.333333333333332,-43.2,36.333333333333336,93.66666666666667,-10.0,1.6666666666666667,29.666666666666668,-17.666666666666668,12.0,-24.0,-23.0,-13.333333333333334,108.33333333333333,-12.666666666666666
CC(C)COC(C)=O,-11.666666666666666,4.666666666666667,-13.333333333333334,100.66666666666667,10.333333333333334,73.66666666666667,-10.333333333333334,32.333333333333336,-17.333333333333332,21.0,58.666666666666664,2.0,93.0,23.333333333333332,92.66666666666667,47.666666666666664,117.33333333333333,0.0,-20.666666666666668,23.333333333333332,34.333333333333336,81.33333333333333,25.0,25.333333333333332,-23.666666666666668,-18.0,172.33333333333334,68.8,-37.0,-30.4,-29.666666666666668,-18.666666666666668,-22.666666666666668,232.0,-5.0,111.0,22.333333333333332,-36.333333333333336,52.666666666666664,190.66666666666666,0.3333333333333333,1.6666666666666667,19.333333333333332,-6.0,1.3333333333333333,-24.666666666666668,-17.666666666666668,-4.0,64.0,-13.6
CC(C)C(O)=O,-8.666666666666666,2.3333333333333335,-6.8,5.666666666666667,-2.6666666666666665,-0.3333333333333333,-4.333333333333333,2.3333333333333335,-3.0,6.333333333333333,-0.6666666666666666,-7.2,6.666666666666667,2.0,19.0,3.3333333333333335,8.333333333333334,-1.0,-7.6,1.0,5.0,1.6666666666666667,-1.6666666666666667,-8.0,-14.0,-7.0,-5.333333333333333,1.3333333333333333,-7.0,-8.666666666666666,-17.333333333333332,-4.0,-10.0,47.0,-3.6666666666666665,31.666666666666668,-5.666666666666667,-21.6,3.0,-3.3333333333333335,-6.0,2.3333333333333335,1.3333333333333333,-1.6666666666666667,-1.0,-14.0,-12.333333333333334,4.333333333333333,-8.8,-0.3333333333333333
CC(C)CC(O)=O,-0.6666666666666666,0.3333333333333333,-1.6,14.666666666666666,-0.8,-1.6666666666666667,-1.0,-3.0,1.0,3.0,-1.0,0.0,0.6666666666666666,0.4,-1.6666666666666667,13.333333333333334,9.333333333333334,-0.3333333333333333,-5.333333333333333,0.3333333333333333,13.333333333333334,5.333333333333333,6.666666666666667,-3.3333333333333335,-3.0,-4.333333333333333,-1.0,5.0,-6.333333333333333,-12.333333333333334,-14.0,3.6666666666666665,-7.2,46.333333333333336,8.0,37.666666666666664,-0.6666666666666666,-13.6,1.2,-0.3333333333333333,0.0,-0.6666666666666666,-0.6666666666666666,0.6666666666666666,0.3333333333333333,-13.666666666666666,-8.333333333333334,-0.3333333333333333,28.333333333333332,0.0
C[C@H](O)C(O)=O,-13.0,5.333333333333333,12.0,-0.6666666666666666,0.3333333333333333,3.6666666666666665,-5.0,-3.0,11.666666666666666,8.0,2.0,-2.3333333333333335,0.0,-0.3333333333333333,12.666666666666666,-8.333333333333334,6.666666666666667,5.0,-6.0,8.0,2.6666666666666665,-1.3333333333333333,4.666666666666667,-12.8,-4.333333333333333,-15.333333333333334,-11.0,-0.6666666666666666,-22.333333333333332,-1.6666666666666667,-22.333333333333332,-16.333333333333332,-7.0,50.4,-2.3333333333333335,10.0,6.666666666666667,-22.333333333333332,-0.6666666666666666,6.666666666666667,-6.333333333333333,-0.3333333333333333,1.0,-9.6,-2.0,-11.333333333333334,-10.0,0.0,-10.666666666666666,-2.3333333333333335
CC(C)(O)C1CCC(C)(O1)C=C,-4.333333333333333,0.6666666666666666,5.2,19.666666666666668,-2.0,1.6666666666666667,1.0,-3.0,-3.0,-4.666666666666667,63.666666666666664,-3.6666666666666665,-5.333333333333333,0.0,15.333333333333334,236.0,61.666666666666664,-0.6666666666666666,-9.0,49.666666666666664,45.666666666666664,32.0,11.333333333333334,64.33333333333333,-9.333333333333334,5.333333333333333,2.3333333333333335,-6.666666666666667,-6.666666666666667,-2.0,-4.666666666666667,2.4,-12.333333333333334,54.666666666666664,12.333333333333334,160.66666666666666,29.666666666666668,-10.0,27.666666666666668,35.0,9.666666666666666,6.0,21.0,15.0,1.6666666666666667,0.0,-1.6666666666666667,2.3333333333333335,51.0,9.666666666666666
CO,1.6666666666666667,3.3333333333333335,3.6666666666666665,-1.3333333333333333,0.6666666666666666,0.0,7.333333333333333,-2.6666666666666665,-1.3333333333333333,3.0,0.3333333333333333,-0.3333333333333333,-0.3333333333333333,-0.6666666666666666,4.333333333333333,1.0,-3.3333333333333335,0.0,-3.6666666666666665,-1.3333333333333333,0.0,0.0,2.6666666666666665,7.666666666666667,-7.0,-4.0,1.3333333333333333,0.0,-9.0,-7.666666666666667,0.6666666666666666,-6.0,0.3333333333333333,2.3333333333333335,-1.2,-1.3333333333333333,-1.3333333333333333,-12.333333333333334,1.6666666666666667,0.0,1.0,4.333333333333333,-2.6666666666666665,2.3333333333333335,4.666666666666667,-4.333333333333333,-1.0,3.0,-5.666666666666667,3.0
COC(=O)c1ccccc1,-5.666666666666667,-3.0,-5.0,54.666666666666664,-2.3333333333333335,100.33333333333333,-10.333333333333334,79.33333333333333,45.333333333333336,4.666666666666667,-9.0,97.66666666666667,141.0,0.6666666666666666,52.0,-5.2,14.0,4.333333333333333,-14.333333333333334,2.6666666666666665,1.0,46.0,4.0,17.666666666666668,-18.0,-10.666666666666666,45.0,49.666666666666664,-17.0,-13.0,-18.0,-15.666666666666666,-15.0,16.0,1.0,4.333333333333333,2.3333333333333335,-18.666666666666668,23.333333333333332,70.66666666666667,-4.666666666666667,1.6666666666666667,-0.3333333333333333,1.6666666666666667,0.6666666666666666,-8.333333333333334,-7.333333333333333,-3.0,52.0,-4.333333333333333
CCCCCCCC(=O)OC,-6.0,-1.6666666666666667,3.0,33.6,0.0,-1.0,-5.666666666666667,2.6666666666666665,2.3333333333333335,-2.3333333333333335,-8.666666666666666,-4.333333333333333,-0.6666666666666666,0.3333333333333333,15.666666666666666,-4.0,4.0,0.0,-10.666666666666666,0.6666666666666666,1.0,165.33333333333334,68.66666666666667,34.4,-10.333333333333334,-3.3333333333333335,-2.6666666666666665,36.0,-10.0,-7.333333333333333,-4.333333333333333,-5.2,-14.4,11.0,105.33333333333333,6.8,4.333333333333333,-15.0,11.0,32.0,2.6666666666666665,-3.6666666666666665,6.333333333333333,3.0,-3.3333333333333335,-2.0,-9.666666666666666,-6.666666666666667,46.0,1.2
CCC(=O)OC,-13.333333333333334,7.666666666666667,10.333333333333334,31.666666666666668,0.6666666666666666,23.666666666666668,-8.4,18.333333333333332,0.3333333333333333,27.333333333333332,127.0,-1.6666666666666667,50.8,3.6666666666666665,83.33333333333333,18.0,58.333333333333336,-1.3333333333333333,-12.8,8.333333333333334,0.3333333333333333,7.666666666666667,-1.3333333333333333,37.2,-14.666666666666666,-15.0,12.0,38.0,-16.0,-6.0,-16.0,-2.6666666666666665,-10.0,34.333333333333336,-4.333333333333333,46.666666666666664,19.0,-22.666666666666668,28.666666666666668,144.33333333333334,-7.333333333333333,0.3333333333333333,0.6666666666666666,10.333333333333334,1.2,-8.0,-14.666666666666666,-7.0,-16.666666666666668,-6.333333333333333
COC(=O)c1ccccc1O,-8.666666666666666,1.3333333333333333,-11.0,43.666666666666664,-1.6666666666666667,40.333333333333336,-9.333333333333334,51.333333333333336,39.333333333333336,17.666666666666668,-9.0,51.333333333333336,130.0,1.3333333333333333,19.0,7.6,-1.3333333333333333,4.4,-14.666666666666666,0.3333333333333333,-0.6666666666666666,9.666666666666666,-2.0,8.0,-13.333333333333334,-7.666666666666667,50.333333333333336,49.0,-9.333333333333334,-12.333333333333334,-9.666666666666666,-12.0,-16.666666666666668,24.333333333333332,-2.3333333333333335,-4.666666666666667,2.0,-19.666666666666668,10.666666666666666,60.666666666666664,-4.333333333333333,1.0,3.3333333333333335,-3.3333333333333335,2.0,-5.0,-5.0,-2.0,19.666666666666668,-3.6666666666666665
COC(=O)c1ccccc1C,-9.333333333333334,0.0,-8.0,1.2,-0.6666666666666666,16.666666666666668,-2.3333333333333335,113.0,9.333333333333334,40.666666666666664,-12.666666666666666,87.0,184.66666666666666,3.6666666666666665,111.66666666666667,22.333333333333332,17.333333333333332,0.0,-9.333333333333334,3.3333333333333335,-3.3333333333333335,2.0,-2.0,19.0,-9.333333333333334,-5.333333333333333,-1.3333333333333333,-0.6666666666666666,-6.333333333333333,-8.0,-8.0,-20.666666666666668,-10.4,12.0,-1.0,8.666666666666666,4.0,-1.0,18.0,70.66666666666667,0.0,-0.6666666666666666,0.0,-5.333333333333333,0.6666666666666666,-7.0,-1.3333333333333333,-2.0,28.666666666666668,-4.0
CCCCCCCCC=O,0.6666666666666666,-1.3333333333333333,1.3333333333333333,5.0,-2.8,1.0,3.3333333333333335,1.6666666666666667,2.3333333333333335,2.0,-0.3333333333333333,0.6666666666666666,-2.0,0.4,2.3333333333333335,-4.333333333333333,0.0,3.0,-4.0,-0.6666666666666666,1.3333333333333333,17.666666666666668,21.333333333333332,9.333333333333334,-2.0,-4.0,1.3333333333333333,1.6666666666666667,-13.0,-2.6666666666666665,1.0,0.0,-11.0,6.0,51.333333333333336,5.0,2.0,-7.666666666666667,0.3333333333333333,16.0,-3.0,2.3333333333333335,1.3333333333333333,-1.0,-4.0,3.6666666666666665,-3.3333333333333335,0.6666666666666666,6.0,-3.6666666666666665
CCCCCCCCC(O)=O,-4.666666666666667,3.3333333333333335,0.3333333333333333,1.0,-2.0,2.6666666666666665,-2.0,-7.333333333333333,0.6666666666666666,10.0,-1.6666666666666667,-1.3333333333333333,-0.6666666666666666,0.0,0.0,-4.666666666666667,3.6666666666666665,-1.0,-1.3333333333333333,0.3333333333333333,0.0,5.0,2.3333333333333335,-0.3333333333333333,-5.0,-3.3333333333333335,-1.6666666666666667,3.6666666666666665,-2.3333333333333335,-1.2,-7.666666666666667,-2.3333333333333335,-0.3333333333333333,-1.2,0.3333333333333333,3.3333333333333335,0.6666666666666666,-11.0,-1.6666666666666667,0.3333333333333333,-2.0,1.3333333333333333,0.0,-2.0,0.6666666666666666,1.3333333333333333,-2.3333333333333335,2.0,-3.6666666666666665,2.0
CCCCCCCCCCCCCCCCCC(O)=O,5.333333333333333,6.0,8.333333333333334,1.3333333333333333,10.0,10.8,-1.3333333333333333,0.6666666666666666,12.0,1.3333333333333333,37.666666666666664,1.3333333333333333,15.666666666666666,0.0,26.666666666666668,21.666666666666668,44.333333333333336,3.0,2.0,7.0,12.0,6.0,3.6666666666666665,12.666666666666666,-9.0,-4.8,4.333333333333333,2.0,-3.3333333333333335,2.6666666666666665,-5.666666666666667,-5.333333333333333,-1.0,32.4,12.0,19.2,27.333333333333332,-5.666666666666667,17.333333333333332,34.0,4.8,14.333333333333334,7.333333333333333,4.333333333333333,0.3333333333333333,-1.3333333333333333,-8.666666666666666,6.333333333333333,-4.0,3.3333333333333335
CCCCCCCC=O,-10.0,-1.3333333333333333,-4.666666666666667,28.0,-4.0,1.0,-4.333333333333333,0.6666666666666666,-1.0,2.0,-6.0,-5.0,-1.6666666666666667,-1.3333333333333333,-4.333333333333333,-4.0,-1.0,1.6666666666666667,-13.333333333333334,1.0,0.3333333333333333,22.0,12.666666666666666,-12.333333333333334,-24.333333333333332,-21.0,-5.333333333333333,6.666666666666667,-22.666666666666668,-12.333333333333334,-10.0,-10.333333333333334,-20.333333333333332,2.8,22.666666666666668,-2.6666666666666665,-0.3333333333333333,-6.0,1.3333333333333333,13.333333333333334,-10.0,3.3333333333333335,-2.0,-7.333333333333333,1.0,-8.666666666666666,-14.0,-6.0,-8.0,-1.6666666666666667
CCCCCCCC(O)=O,-8.0,0.3333333333333333,0.6666666666666666,-1.0,-5.666666666666667,1.0,-4.333333333333333,0.3333333333333333,0.0,2.3333333333333335,-4.0,1.2,1.3333333333333333,-0.6666666666666666,-3.6666666666666665,-5.0,2.3333333333333335,2.0,-2.6666666666666665,1.6666666666666667,-2.3333333333333335,0.6666666666666666,-0.3333333333333333,-1.0,-8.666666666666666,-10.0,-6.0,-2.0,-5.333333333333333,-2.0,-9.666666666666666,-2.0,-5.333333333333333,0.4,-1.6666666666666667,2.0,-0.6666666666666666,-10.4,-5.666666666666667,-0.3333333333333333,-7.0,1.0,4.333333333333333,-4.0,-0.3333333333333333,-7.2,-3.6666666666666665,-4.0,-5.666666666666667,-0.3333333333333333
CCCCC(O)=O,-1.6666666666666667,3.6666666666666665,1.6,8.0,0.0,-0.3333333333333333,0.6666666666666666,0.0,-2.4,2.3333333333333335,0.6666666666666666,-2.6666666666666665,3.6666666666666665,0.0,2.0,6.0,3.0,-0.3333333333333333,3.6666666666666665,1.3333333333333333,2.8,-0.3333333333333333,6.666666666666667,6.333333333333333,0.3333333333333333,-0.6666666666666666,-1.3333333333333333,17.0,-2.0,1.3333333333333333,-5.333333333333333,0.3333333333333333,-2.0,46.4,0.0,24.333333333333332,1.3333333333333333,0.0,2.6666666666666665,4.333333333333333,6.666666666666667,2.0,-0.3333333333333333,3.3333333333333335,0.3333333333333333,-1.2,-10.0,-0.6666666666666666,0.6666666666666666,1.3333333333333333
CC(=O)OCCc1ccccc1,-4.0,5.666666666666667,1.3333333333333333,-0.6666666666666666,-1.3333333333333333,-1.6,-7.333333333333333,4.333333333333333,19.333333333333332,10.666666666666666,130.0,-0.3333333333333333,0.6666666666666666,25.0,81.0,13.333333333333334,25.333333333333332,0.0,-6.333333333333333,0.3333333333333333,0.0,28.0,50.666666666666664,15.2,0.0,36.0,136.0,142.33333333333334,-17.333333333333332,0.0,-11.333333333333334,-2.0,-10.333333333333334,18.666666666666668,13.0,9.333333333333334,-0.6666666666666666,-22.333333333333332,18.666666666666668,56.333333333333336,3.3333333333333335,1.0,9.666666666666666,-2.3333333333333335,5.666666666666667,-6.0,-1.0,-1.6666666666666667,1.3333333333333333,-4.0
Oc1ccccc1,234.33333333333334,170.33333333333334,-23.333333333333332,22.666666666666668,1.3333333333333333,39.2,-6.666666666666667,95.0,60.333333333333336,33.0,51.6,146.66666666666666,78.0,9.666666666666666,23.333333333333332,54.0,50.333333333333336,-3.3333333333333335,-9.0,-0.6666666666666666,10.0,0.6666666666666666,-1.0,14.666666666666666,-12.666666666666666,-2.3333333333333335,140.0,49.666666666666664,-1.6666666666666667,-14.0,-7.0,-17.666666666666668,-12.666666666666666,28.333333333333332,-0.3333333333333333,19.333333333333332,7.666666666666667,-10.666666666666666,21.6,46.0,-2.0,4.666666666666667,0.0,-5.666666666666667,5.2,-0.3333333333333333,-4.666666666666667,1.6666666666666667,-5.666666666666667,-10.0
CCC(O)=O,-6.333333333333333,3.6,-3.3333333333333335,5.666666666666667,1.3333333333333333,2.0,-5.0,1.6666666666666667,4.0,-4.333333333333333,-7.666666666666667,-1.3333333333333333,0.3333333333333333,0.3333333333333333,3.0,-4.0,3.3333333333333335,0.6666666666666666,-10.666666666666666,3.0,0.6666666666666666,1.6666666666666667,1.6666666666666667,0.0,-17.0,-20.0,-7.333333333333333,5.0,-16.0,-3.6666666666666665,-9.2,-3.3333333333333335,-2.6666666666666665,39.666666666666664,-2.0,34.8,-2.0,-25.6,4.0,-3.3333333333333335,-6.0,-1.0,-3.6,-5.0,3.6666666666666665,-18.666666666666668,-9.0,2.3333333333333335,-8.8,-0.3333333333333333
CCCOC(C)=O,-13.0,13.6,-10.0,56.666666666666664,33.333333333333336,68.0,-10.0,27.666666666666668,-22.4,34.666666666666664,96.33333333333333,14.4,138.66666666666666,7.333333333333333,162.0,55.666666666666664,90.66666666666667,4.666666666666667,-15.333333333333334,27.0,18.333333333333332,38.333333333333336,22.0,19.333333333333332,-23.666666666666668,-26.333333333333332,100.33333333333333,56.666666666666664,-31.666666666666668,-29.666666666666668,-25.333333333333332,-21.333333333333332,-21.333333333333332,186.66666666666666,-5.333333333333333,74.0,27.333333333333332,-28.333333333333332,76.33333333333333,202.0,-4.0,11.666666666666666,2.6666666666666665,-10.666666666666666,-2.3333333333333335,-31.0,-19.0,-7.666666666666667,-14.4,-16.0
NCCCCN,-6.666666666666667,2.3333333333333335,-3.0,1.0,-3.0,2.6666666666666665,2.4,3.3333333333333335,-0.6666666666666666,6.666666666666667,4.333333333333333,-0.3333333333333333,3.0,0.3333333333333333,0.0,5.0,3.2,0.6666666666666666,-1.6666666666666667,-0.3333333333333333,1.3333333333333333,2.3333333333333335,-5.0,-1.0,-4.333333333333333,-13.0,-1.0,0.3333333333333333,-5.333333333333333,-2.0,-3.3333333333333335,-3.6666666666666665,-6.0,11.0,0.6666666666666666,0.0,1.0,-11.0,-3.0,-4.333333333333333,0.3333333333333333,-1.6666666666666667,2.0,-3.3333333333333335,-9.666666666666666,-5.666666666666667,-1.6666666666666667,0.6666666666666666,-3.6,-2.0
CCCCCCCCCCCCCC(O)=O,5.666666666666667,7.0,1.3333333333333333,2.4,1.0,1.6,13.333333333333334,-0.3333333333333333,1.3333333333333333,-0.6666666666666666,1.3333333333333333,2.4,2.0,2.0,0.0,2.6666666666666665,-1.6666666666666667,-0.3333333333333333,-2.0,0.6666666666666666,2.0,1.6666666666666667,0.0,0.0,-2.0,-2.0,-1.6666666666666667,-1.0,0.3333333333333333,2.3333333333333335,-1.3333333333333333,-5.0,3.6666666666666665,1.6666666666666667,-0.6666666666666666,10.333333333333334,2.3333333333333335,0.0,-3.6666666666666665,5.0,1.2,-1.0,3.6666666666666665,3.3333333333333335,-2.0,1.3333333333333333,1.6,0.3333333333333333,2.0,4.0
s1ccnc1,5.666666666666667,25.666666666666668,-5.0,36.0,53.333333333333336,25.333333333333332,-9.666666666666666,30.0,13.666666666666666,22.666666666666668,66.66666666666667,72.33333333333333,36.0,1.3333333333333333,104.0,45.666666666666664,59.666666666666664,-0.3333333333333333,-7.333333333333333,4.0,55.0,13.6,0.0,-10.666666666666666,-22.0,-11.666666666666666,202.33333333333334,21.333333333333332,-13.6,-7.333333333333333,-25.0,-24.0,-0.6666666666666666,40.0,19.333333333333332,5.666666666666667,61.666666666666664,-9.666666666666666,161.33333333333334,131.0,-10.0,9.666666666666666,-0.3333333333333333,-3.6666666666666665,-1.3333333333333333,-4.0,-4.0,-3.6666666666666665,-7.0,-14.0
CCCCCCCCCCCCC(O)=O,-4.666666666666667,-1.6,5.0,0.6666666666666666,-0.6666666666666666,3.3333333333333335,1.0,-0.6666666666666666,2.3333333333333335,-0.3333333333333333,-0.6666666666666666,-2.3333333333333335,1.3333333333333333,-0.6666666666666666,-1.0,-1.3333333333333333,-0.6666666666666666,2.0,4.333333333333333,-2.6666666666666665,0.0,3.6666666666666665,0.6666666666666666,2.3333333333333335,2.0,1.3333333333333333,-1.3333333333333333,-2.6666666666666665,2.3333333333333335,3.3333333333333335,1.0,5.2,2.6666666666666665,2.0,1.0,6.0,-1.0,-1.2,-0.3333333333333333,4.333333333333333,3.3333333333333335,-1.6666666666666667,0.4,2.6666666666666665,5.333333333333333,0.0,2.3333333333333335,-0.3333333333333333,1.0,-5.0
CCC\C=C/CO,53.0,10.0,-13.333333333333334,80.0,4.333333333333333,19.333333333333332,-6.666666666666667,6.666666666666667,19.333333333333332,39.333333333333336,181.0,2.6666666666666665,17.0,18.0,118.66666666666667,138.66666666666666,187.2,12.0,0.6666666666666666,39.0,24.0,74.33333333333333,14.0,52.333333333333336,-26.333333333333332,15.0,212.33333333333334,35.666666666666664,-18.333333333333332,-6.333333333333333,-31.0,-17.0,-14.333333333333334,64.33333333333333,59.666666666666664,123.0,43.666666666666664,-31.333333333333332,146.66666666666666,194.33333333333334,3.0,17.333333333333332,11.666666666666666,35.666666666666664,4.666666666666667,-11.333333333333334,-6.0,-2.3333333333333335,1.0,-6.0
CCO,1.6666666666666667,2.6666666666666665,2.6666666666666665,-1.0,4.333333333333333,0.3333333333333333,4.666666666666667,3.6666666666666665,1.0,2.4,0.6666666666666666,1.3333333333333333,1.6666666666666667,-0.6666666666666666,2.0,4.8,2.6666666666666665,0.0,5.0,-0.3333333333333333,2.3333333333333335,-3.3333333333333335,2.6666666666666665,2.4,-5.666666666666667,-3.6666666666666665,-3.3333333333333335,-0.8,-4.0,-5.666666666666667,-2.6666666666666665,-2.8,0.6666666666666666,13.333333333333334,-1.3333333333333333,2.6666666666666665,1.0,-4.666666666666667,1.0,8.666666666666666,-1.3333333333333333,-0.6666666666666666,-2.3333333333333335,3.2,-2.0,-3.3333333333333335,1.6666666666666667,-0.3333333333333333,-1.0,2.6666666666666665
CCCC=CCO,130.0,2.6666666666666665,-22.666666666666668,81.0,-1.3333333333333333,15.0,0.3333333333333333,25.666666666666668,-5.666666666666667,36.666666666666664,139.0,56.333333333333336,28.0,19.666666666666668,99.0,105.0,70.66666666666667,-2.3333333333333335,-8.0,22.333333333333332,30.666666666666668,68.66666666666667,20.0,14.333333333333334,-20.0,4.333333333333333,224.0,76.33333333333333,-30.666666666666668,-25.0,-33.0,-26.333333333333332,-10.666666666666666,89.33333333333333,32.333333333333336,90.33333333333333,41.666666666666664,-38.333333333333336,140.66666666666666,195.0,8.0,12.333333333333334,16.333333333333332,14.4,31.666666666666668,-17.666666666666668,-14.333333333333334,-6.333333333333333,-7.333333333333333,-10.0
